id;name
055ce1ec-44da-43dd-8d9f-ede4d26c20d0;azure
9bbb921d-bafe-4a4a-970b-3ff10839d33c;array Saudi
0ff9b8fe-c5cd-4932-8a88-89d8122e6657;invoice
871046f5-11be-45eb-a681-06ce23dd6359;payment markets
691ba4c8-7958-4d8d-a401-6cb2a975c9d4;Lead
b503065c-b020-4dfa-b5a8-2a1c67d520cc;deposit drama
a7dedf82-f66d-4c57-885b-047ec77fab9b;mmm Avon Analyst
c4983663-8e70-4e6d-87b8-e14bbd904434;Factors Cambridgeshire
15713dd5-47d0-4a42-923f-c90a89c0e037;Robust Markets
c69cd8c5-4777-4c54-a30b-849d3cf69de3;Buckinghamshire annual Metal
